date,time,message,network,link
2026-06-08,07:00,"YOUR CLUB TRAINS THE BODY. NOBODY TRAINS THE MIND.

Most sports clubs invest heavily in physical conditioning, tactical analysis, and technical skills.

Zero budget goes to the factor that determines performance when everything is on the line.

Mental performance under pressure is not a talent. It is a trainable system.

The clubs that win championships have figured this out. Most of their competitors haven't.

This account is for the coaches and directors who are ready to close that gap.

↓ Follow for the frameworks. First one drops tomorrow.

#SportsCoach #CoachEducation #HeadCoach #ClubDirector #SportsAcademy #YouthSports #EliteSports #HighPerformanceCoaching #SportsPsychology #MentalPerformance #MentalConditioning #TheMentalSport",instagram,
2026-06-10,07:00,"YOUR CLUB SPENDS €X ON PHYSICAL CONDITIONING. €0 ON THE FACTOR THAT DECIDES 70% OF OUTCOMES AT THE ELITE LEVEL.

Dr. Bob Rotella, sports psychologist to 20+ major championship winners:

'Physical talent gets you to the table. Mental performance determines who leaves with the trophy.'

The data is unambiguous:
— Athletes who choke do so because of mental, not physical, failure
— Teams that underperform at major tournaments cite pressure mismanagement as the primary factor
— Clubs that implement structured mental conditioning report 23-40% improvement in competition performance metrics

The gap between your club's training room and what elite organizations are doing is not technical.

It's psychological.

↓ What does your club currently do for mental performance? Comment below.

#SportsPsychology #CoachEducation #SportsAcademy #MentalToughness #HighPerformance #EliteSports #ClubDirector #TheMentalSport",instagram,
2026-06-12,07:00,"THE 3 MENTAL ERRORS THAT COST CLUBS AT MAJOR TOURNAMENTS

After working with competitive athletes across multiple sports, three mental errors appear at every tournament:

Error 1: Pre-competition anxiety mismanagement
Athletes arrive at major events in a different psychological state than training. No system exists to regulate it. Performance drops before the first point is played.

Error 2: No error recovery protocol
After a mistake, athletes spiral. There is no standardized reset. One error becomes three. Three become a momentum collapse.

Error 3: Identity fragility under rankings pressure
Athletes who define themselves by results perform worse when results are on the line. The stakes trigger self-protection, not performance.

These are not talent problems. They are training gaps. Each has a specific, trainable solution.

↓ Save this. Which of the three does your squad struggle with most?

#CoachingTips #SportsCoach #YouthAthlete #MentalTraining #SportsPsychology #CompetitionPrep #TournamentReady #TheMentalSport",instagram,
2026-06-15,07:00,"THE ALL BLACKS WIN 77% OF THEIR MATCHES. HERE'S THE SYSTEM BEHIND IT.

New Zealand rugby is the most dominant program in professional sport history. It's not the players. Every nation has talented players. It's the system.

Three elements that separate All Blacks culture:

1. Identity before outcome.
Players are trained to identify as 'All Blacks' — a specific way of thinking, behaving, and competing — before they ever worry about the scoreboard.

2. The 'sweep the shed' principle.
Win or lose, every player cleans the changing room after a match. No one is above the team. The ritual communicates the culture.

3. Pressure practice.
Training is designed to be harder than matches. Psychological pressure is engineered into every session so that competition feels familiar.

Your academy can implement all three. They cost nothing but intentionality.

↓ Which principle would have the biggest impact on your squad?

#AllBlacks #Rugby #EliteSports #SportsPsychology #TeamCulture #CoachingTips #SportsAcademy #MentalPerformance #TheMentalSport",instagram,
2026-06-17,07:00,"YOUR ATHLETE DIDN'T CHOKE BECAUSE OF TECHNIQUE.

The neuroscience of choking under pressure.

When stakes are high, the prefrontal cortex increases monitoring of automated skills.

A tennis serve hit 50,000 times becomes conscious again. The athlete starts 'thinking' about a movement that should run on autopilot. Performance degrades.

This is not a character flaw. It is a predictable neurological event.

The solution is not 'just relax' or 'trust your training.' Those are outputs, not inputs.

The inputs are:
→ Pre-competition routines that anchor the nervous system to familiar states
→ Between-point reset protocols that interrupt the monitoring loop
→ Pressure exposure in training that habituates the stress response

Choking is trainable out of an athlete. But it requires a system — not a pep talk.

↓ DM us 'CHOKE' and we'll send you the protocol.

#SportsPsychology #Choking #PressurePerformance #CoachEducation #MentalPerformance #EliteAthlete #TheMentalSport",instagram,
2026-06-19,07:00,"WHAT 6 MONTHS OF MENTAL CONDITIONING LOOKS LIKE

Month 1: Baseline Assessment
— Individual mental skills profiling for every athlete
— Identify performance limiters: anxiety type, attentional style, confidence structure
— Pre-competition routine foundations established

Months 2-3: Core Skill Installation
— Pressure simulation training protocols
— Error recovery systems embedded into existing sessions
— Self-talk restructuring for each athlete's profile

Months 4-5: Competition Application
— In-competition mental skills reinforcement
— Post-competition mental performance debrief
— Collective efficacy building for team sports

Month 6: Autonomy Transfer
— Athletes run their own mental routines independently
— Coaching staff trained to maintain the system
— Program documented for ongoing use

This is not a one-day workshop. It is structural change.

↓ DM 'PROGRAM' to see what this looks like for your specific sport and squad size.

#SportsAcademy #CoachEducation #MentalConditioning #ElitePerformance #SportsPsychology #HighPerformanceCoaching #TheMentalSport",instagram,
2026-06-22,07:00,"COACHES WHO WIN BIG GAMES TRAIN DIFFERENTLY IN SMALL ONES.

The difference between coaches whose athletes perform at major tournaments and those who don't:

They engineer pressure into practice. Not occasionally. Systematically.

Every session includes a component that mirrors the psychological demands of competition:
→ Consequential drills (something is at stake — extra reps, conditioning, public accountability)
→ Error recovery sequences (athletes practice bouncing back, not avoiding mistakes)
→ Performance under observation (rotating 'spotlight' pressure within the squad)

The athlete who has failed and recovered 1,000 times in practice doesn't collapse at a major tournament. They have a reference library for recovery.

Build the library in training. Win when it counts.

↓ What's one way you currently add psychological pressure to your sessions?

#CoachingTips #SportsCoach #PressureTraining #MentalToughness #YouthCoach #EliteSports #TrainingDesign #TheMentalSport",instagram,
2026-06-24,07:00,"WE WORK WITH 3 NEW CLUBS PER QUARTER.

TheMentalSport.com delivers done-for-you mental conditioning programs to competitive sports clubs and academies.

Not workshops. Not seminars. Structural programs that run inside your existing training calendar.

What's included:
✓ Full squad psychological assessment
✓ Individual athlete mental skills profiles
✓ Coach training (so your staff can maintain the system)
✓ Competition-period protocols for major tournaments
✓ Monthly performance debrief reports

We work with a maximum of 3 new clubs per quarter to maintain quality.

If your club is preparing for a significant competitive season and you know mental performance is a gap —

↓ DM 'ASSESSMENT' and we'll schedule a 30-minute diagnostic call. No pitch. Just a look at your current program and what's missing.

#SportsAcademy #EliteSports #SportsPsychology #ClubDirector #HeadCoach #MentalPerformance #HighPerformanceCoaching #TheMentalSport",instagram,
2026-06-26,07:00,"LA MASIA DOESN'T JUST TRAIN SKILL. HERE'S WHAT THEY ACTUALLY DO.

FC Barcelona's La Masia is the most studied youth academy in world football.

Most analysis focuses on the technical: the positional play, the rondo sessions, the tactical structure. The psychological infrastructure gets less attention. It shouldn't.

La Masia players are trained from age 9 on:
→ Mistake tolerance — errors are processed immediately and released, not carried
→ Performance identity — 'I am a Barcelona player' before any result confirms it
→ Pressure normalization — training intensity is designed to exceed match intensity

The result: players who arrive at first-team football psychologically prepared. Not just technically capable.

Most academies build the technical architecture. They skip the psychological one.

↓ What does your academy do between technical sessions to build psychological infrastructure?

#FCBarcelona #LaMasia #YouthAcademy #SoccerCoach #FootballCoach #SportsAcademy #MentalPerformance #TheMentalSport",instagram,
2026-06-29,07:00,"THE 90-SECOND RESET PROTOCOL EVERY COACH SHOULD TEACH

When an athlete makes a mistake in competition, the next 90 seconds determines whether it becomes one error or a spiral.

Most athletes have no protocol for this window.

Step 1 (0-30 seconds): Physical anchor
Double inhale, long exhale. This directly activates the parasympathetic nervous system and interrupts the cortisol spike.

Step 2 (30-60 seconds): Cognitive label
One word that signals 'that's done.' The athlete chooses this in advance. Examples: 'next,' 'process,' 'reset.'

Step 3 (60-90 seconds): Focus cue
Return attention to one specific, controllable process element. One technical cue for the next action.

Practiced in training → automatic in competition.

↓ Save this and teach it in your next session.

#CoachingTips #SportsCoach #MentalReset #ErrorRecovery #SportsPsychology #CompetitionReady #MentalPerformance #TheMentalSport",instagram,
2026-07-01,07:00,"CLUBS WITH FORMAL MENTAL CONDITIONING PROGRAMS REPORT 34% FEWER TOURNAMENT COLLAPSES.

The research on team-level mental conditioning is unambiguous.

Organizations that implement structured psychological skills programs show measurable performance differences:

→ Reduced error cascades (one mistake leading to multiple)
→ More consistent performance between training and competition environments
→ Lower athlete burnout rates over multi-year programs
→ Faster return-to-performance after significant losses

The gap is not in the gym. It is not on the tactics board.

It is in the mental infrastructure that determines whether your athletes show up to the biggest moments as themselves — or as a compressed, anxious version of themselves.

The clubs that close this gap in the next two years will have a structural competitive advantage.

↓ Is your club closing this gap or widening it?

#SportsPsychology #EliteSports #SportsResearch #CoachEducation #MentalPerformance #ClubDirector #SportsAcademy #TheMentalSport",instagram,
2026-07-03,07:00,"MENTAL PERFORMANCE IS NOT A SOFT SKILL. IT IS THE HARDEST SKILL TO BUILD.

TheMentalSport.com was built on one observation:

Every elite coach knows mental performance matters. Almost none have a structured system for developing it.

The gap isn't belief. It's infrastructure.

We build that infrastructure.

Done-for-you mental conditioning programs for competitive sports clubs and academies — integrated into your existing training calendar, delivered to your athletes and coaching staff, and documented so it runs after we're gone.

This isn't sports psychology as a luxury add-on. It is a core performance variable, treated with the same rigor as physical conditioning and tactical preparation.

↓ Follow. DM 'ASSESSMENT' to start with a 30-minute diagnostic.
thementalsport.com/for-clubs

#TheMentalSport #SportsPsychology #MentalConditioning #EliteSports #SportsAcademy #CoachEducation #HighPerformance #ClubDirector",instagram,
